,Fecha,Variacion Santander,Variacion Telefonica,Variacion Repsol,Variacion BBVA
0,2021-10-27,0.019999980926513672,0.019999980926513672,0.11400032043457031,0.03000020980834961
